Affiliation,Number,Percent
PROFESSOR,34,0.6296296296296297
LECTURER,17,0.3148148148148148
DIRECTOR,2,0.037037037037037035
POST-DOCT. RESEARCHER,1,0.018518518518518517
