Affiliation,Number,Percent
PROFESSOR,10,0.1388888888888889
LECTURER,56,0.7777777777777778
ADJUNCT ASSOCIATE,2,0.027777777777777776
FACULTY ADMIN APPTMT (A1),2,0.027777777777777776
PLN,1,0.013888888888888888
PART TIME VIS ARTIST,1,0.013888888888888888
