Affiliation,Number,Percent
PROFESSOR,9,0.21951219512195122
LECTURER,25,0.6097560975609756
GRADUATE STUDENT,5,0.12195121951219512
TEACHING ASSISTANT,2,0.04878048780487805
