Affiliation,Number,Percent
PROFESSOR,23,0.5111111111111111
LECTURER,8,0.17777777777777778
EXECUTIVE DIRECTOR,1,0.022222222222222223
,5,0.1111111111111111
GRADUATE STUDENT,3,0.06666666666666667
LIMITED SERVICE (E),3,0.06666666666666667
SR FELLOW,2,0.044444444444444446
